session_id,session_label,session_mode,session_start,session_end,event_type,timestamp,direction,directionMode,lat,lng,gps_accuracy_m
78e26e17,"14/06/2026, 15:20:24",dual,2026-06-14T14:20:26.597Z,2026-06-14T14:22:58.450Z,gps_track,2026-06-14T14:20:25.999Z,,,54.595998456272994,-5.713544649593318,6
78e26e17,"14/06/2026, 15:20:24",dual,2026-06-14T14:20:26.597Z,2026-06-14T14:22:58.450Z,car,2026-06-14T14:20:31.303Z,against,both,54.59604517280706,-5.7136337746959605,5
78e26e17,"14/06/2026, 15:20:24",dual,2026-06-14T14:20:26.597Z,2026-06-14T14:22:58.450Z,gps_track,2026-06-14T14:20:46.999Z,,,54.59621693331029,-5.71381635199192,5
78e26e17,"14/06/2026, 15:20:24",dual,2026-06-14T14:20:26.597Z,2026-06-14T14:22:58.450Z,gps_track,2026-06-14T14:21:07.999Z,,,54.59643320546398,-5.713548818261191,5
78e26e17,"14/06/2026, 15:20:24",dual,2026-06-14T14:20:26.597Z,2026-06-14T14:22:58.450Z,gps_track,2026-06-14T14:21:28.999Z,,,54.5965846506951,-5.713232724887854,4
78e26e17,"14/06/2026, 15:20:24",dual,2026-06-14T14:20:26.597Z,2026-06-14T14:22:58.450Z,gps_track,2026-06-14T14:21:48.999Z,,,54.596709659260696,-5.712922179747851,5
78e26e17,"14/06/2026, 15:20:24",dual,2026-06-14T14:20:26.597Z,2026-06-14T14:22:58.450Z,gps_track,2026-06-14T14:22:09.999Z,,,54.59681280067647,-5.712588937674116,5
78e26e17,"14/06/2026, 15:20:24",dual,2026-06-14T14:20:26.597Z,2026-06-14T14:22:58.450Z,gps_track,2026-06-14T14:22:29.999Z,,,54.5968112518551,-5.712147022563781,5
78e26e17,"14/06/2026, 15:20:24",dual,2026-06-14T14:20:26.597Z,2026-06-14T14:22:58.450Z,gps_track,2026-06-14T14:22:50.999Z,,,54.596812269572425,-5.711731195454554,6
165eb2ec,"14/06/2026, 15:22:58",dual,2026-06-14T14:23:20.402Z,2026-06-14T14:24:45.808Z,gps_track,2026-06-14T14:23:19.999Z,,,54.59686951936698,-5.711127050698985,6
165eb2ec,"14/06/2026, 15:22:58",dual,2026-06-14T14:23:20.402Z,2026-06-14T14:24:45.808Z,car,2026-06-14T14:23:29.688Z,with,both,54.59678058131888,-5.710935971686269,6
165eb2ec,"14/06/2026, 15:22:58",dual,2026-06-14T14:23:20.402Z,2026-06-14T14:24:45.808Z,gps_track,2026-06-14T14:23:40.999Z,,,54.596674904919674,-5.710697019609749,6
165eb2ec,"14/06/2026, 15:22:58",dual,2026-06-14T14:23:20.402Z,2026-06-14T14:24:45.808Z,car,2026-06-14T14:23:47.104Z,against,both,54.59662294273262,-5.710605631527462,6
165eb2ec,"14/06/2026, 15:22:58",dual,2026-06-14T14:23:20.402Z,2026-06-14T14:24:45.808Z,gps_track,2026-06-14T14:24:00.998Z,,,54.59651098234901,-5.710359451343976,5
165eb2ec,"14/06/2026, 15:22:58",dual,2026-06-14T14:23:20.402Z,2026-06-14T14:24:45.808Z,car,2026-06-14T14:24:04.457Z,with,both,54.59648791407997,-5.710310492260642,6
165eb2ec,"14/06/2026, 15:22:58",dual,2026-06-14T14:23:20.402Z,2026-06-14T14:24:45.808Z,car,2026-06-14T14:24:05.805Z,against,both,54.596475669993914,-5.710298279832316,6
165eb2ec,"14/06/2026, 15:22:58",dual,2026-06-14T14:23:20.402Z,2026-06-14T14:24:45.808Z,car,2026-06-14T14:24:20.492Z,with,both,54.59634757982499,-5.710066151459304,6
165eb2ec,"14/06/2026, 15:22:58",dual,2026-06-14T14:23:20.402Z,2026-06-14T14:24:45.808Z,gps_track,2026-06-14T14:24:21.999Z,,,54.59633463070694,-5.710048038772062,6
165eb2ec,"14/06/2026, 15:22:58",dual,2026-06-14T14:23:20.402Z,2026-06-14T14:24:45.808Z,car,2026-06-14T14:24:34.158Z,with,both,54.59625657912976,-5.709849851519512,8
165eb2ec,"14/06/2026, 15:22:58",dual,2026-06-14T14:23:20.402Z,2026-06-14T14:24:45.808Z,car,2026-06-14T14:24:40.222Z,with,both,54.59621239943513,-5.70977285524946,9
165eb2ec,"14/06/2026, 15:22:58",dual,2026-06-14T14:23:20.402Z,2026-06-14T14:24:45.808Z,gps_track,2026-06-14T14:24:41.999Z,,,54.596200878933544,-5.709746521046058,8
4173b28d,"14/06/2026, 15:26:01",dual,2026-06-14T14:26:04.699Z,2026-06-14T14:28:32.056Z,gps_track,2026-06-14T14:26:03.999Z,,,54.59561851774798,-5.708898215926107,6
4173b28d,"14/06/2026, 15:26:01",dual,2026-06-14T14:26:04.699Z,2026-06-14T14:28:32.056Z,car,2026-06-14T14:26:16.335Z,with,both,54.595507830393444,-5.70865598340749,5
4173b28d,"14/06/2026, 15:26:01",dual,2026-06-14T14:26:04.699Z,2026-06-14T14:28:32.056Z,car,2026-06-14T14:26:24.149Z,with,both,54.59545562883714,-5.708512991953235,5
4173b28d,"14/06/2026, 15:26:01",dual,2026-06-14T14:26:04.699Z,2026-06-14T14:28:32.056Z,gps_track,2026-06-14T14:26:25.000Z,,,54.59544813564589,-5.708498045813306,5
4173b28d,"14/06/2026, 15:26:01",dual,2026-06-14T14:26:04.699Z,2026-06-14T14:28:32.056Z,car,2026-06-14T14:26:26.184Z,with,both,54.59544278824001,-5.708476770233269,5
4173b28d,"14/06/2026, 15:26:01",dual,2026-06-14T14:26:04.699Z,2026-06-14T14:28:32.056Z,car,2026-06-14T14:26:29.868Z,with,both,54.595429123145,-5.708410299073563,5
4173b28d,"14/06/2026, 15:26:01",dual,2026-06-14T14:26:04.699Z,2026-06-14T14:28:32.056Z,gps_track,2026-06-14T14:26:45.999Z,,,54.59533623881036,-5.70807583357771,6
4173b28d,"14/06/2026, 15:26:01",dual,2026-06-14T14:26:04.699Z,2026-06-14T14:28:32.056Z,car,2026-06-14T14:27:00.519Z,with,both,54.59524185037647,-5.707819193701506,5
4173b28d,"14/06/2026, 15:26:01",dual,2026-06-14T14:26:04.699Z,2026-06-14T14:28:32.056Z,car,2026-06-14T14:27:05.198Z,against,both,54.59522789455315,-5.707723492375054,5
4173b28d,"14/06/2026, 15:26:01",dual,2026-06-14T14:26:04.699Z,2026-06-14T14:28:32.056Z,gps_track,2026-06-14T14:27:06.999Z,,,54.59522606823317,-5.7076989799829425,5
4173b28d,"14/06/2026, 15:26:01",dual,2026-06-14T14:26:04.699Z,2026-06-14T14:28:32.056Z,car,2026-06-14T14:27:11.637Z,against,both,54.5952197101644,-5.707619768903872,5
4173b28d,"14/06/2026, 15:26:01",dual,2026-06-14T14:26:04.699Z,2026-06-14T14:28:32.056Z,car,2026-06-14T14:27:14.370Z,against,both,54.59521412776986,-5.707580815469283,5
4173b28d,"14/06/2026, 15:26:01",dual,2026-06-14T14:26:04.699Z,2026-06-14T14:28:32.056Z,car,2026-06-14T14:27:14.802Z,with,both,54.59521412776986,-5.707580815469283,5
4173b28d,"14/06/2026, 15:26:01",dual,2026-06-14T14:26:04.699Z,2026-06-14T14:28:32.056Z,car,2026-06-14T14:27:19.067Z,with,both,54.595202910767426,-5.707496235402787,5
4173b28d,"14/06/2026, 15:26:01",dual,2026-06-14T14:26:04.699Z,2026-06-14T14:28:32.056Z,car,2026-06-14T14:27:23.717Z,with,both,54.595189491122255,-5.707421730427704,5
4173b28d,"14/06/2026, 15:26:01",dual,2026-06-14T14:26:04.699Z,2026-06-14T14:28:32.056Z,gps_track,2026-06-14T14:27:27.999Z,,,54.5951568744389,-5.7073275856146815,5
4173b28d,"14/06/2026, 15:26:01",dual,2026-06-14T14:26:04.699Z,2026-06-14T14:28:32.056Z,car,2026-06-14T14:27:30.251Z,with,both,54.595145903247506,-5.707285383437478,5
4173b28d,"14/06/2026, 15:26:01",dual,2026-06-14T14:26:04.699Z,2026-06-14T14:28:32.056Z,car,2026-06-14T14:27:34.500Z,with,both,54.59513943267727,-5.707210436490275,5
4173b28d,"14/06/2026, 15:26:01",dual,2026-06-14T14:26:04.699Z,2026-06-14T14:28:32.056Z,car,2026-06-14T14:27:37.635Z,against,both,54.59513543379483,-5.707151505268894,5
4173b28d,"14/06/2026, 15:26:01",dual,2026-06-14T14:26:04.699Z,2026-06-14T14:28:32.056Z,car,2026-06-14T14:27:39.955Z,with,both,54.59512679499014,-5.707120011740766,5
4173b28d,"14/06/2026, 15:26:01",dual,2026-06-14T14:26:04.699Z,2026-06-14T14:28:32.056Z,gps_track,2026-06-14T14:27:47.999Z,,,54.595098328008184,-5.706951457030794,5
4173b28d,"14/06/2026, 15:26:01",dual,2026-06-14T14:26:04.699Z,2026-06-14T14:28:32.056Z,car,2026-06-14T14:27:48.285Z,against,both,54.595098328008184,-5.706951457030794,5
4173b28d,"14/06/2026, 15:26:01",dual,2026-06-14T14:26:04.699Z,2026-06-14T14:28:32.056Z,car,2026-06-14T14:27:54.167Z,against,both,54.59506053240318,-5.706826731021707,6
4173b28d,"14/06/2026, 15:26:01",dual,2026-06-14T14:26:04.699Z,2026-06-14T14:28:32.056Z,car,2026-06-14T14:27:57.740Z,against,both,54.59505962346169,-5.706769760071216,6
4173b28d,"14/06/2026, 15:26:01",dual,2026-06-14T14:26:04.699Z,2026-06-14T14:28:32.056Z,car,2026-06-14T14:28:07.122Z,with,both,54.59503882498761,-5.706573620447011,6
4173b28d,"14/06/2026, 15:26:01",dual,2026-06-14T14:26:04.699Z,2026-06-14T14:28:32.056Z,gps_track,2026-06-14T14:28:07.999Z,,,54.595031054022606,-5.706548476126215,6
4173b28d,"14/06/2026, 15:26:01",dual,2026-06-14T14:26:04.699Z,2026-06-14T14:28:32.056Z,car,2026-06-14T14:28:13.474Z,with,both,54.595007562688565,-5.7064415295194735,5
4173b28d,"14/06/2026, 15:26:01",dual,2026-06-14T14:26:04.699Z,2026-06-14T14:28:32.056Z,car,2026-06-14T14:28:22.057Z,against,both,54.59498553442947,-5.706266586691124,5
4173b28d,"14/06/2026, 15:26:01",dual,2026-06-14T14:26:04.699Z,2026-06-14T14:28:32.056Z,gps_track,2026-06-14T14:28:28.000Z,,,54.59497102072085,-5.706138419919994,5
73ea3606,"14/06/2026, 15:34:52",dual,2026-06-14T14:34:53.509Z,2026-06-14T14:36:14.963Z,gps_track,2026-06-14T14:34:52.999Z,,,54.595665910214315,-5.702509910603736,5
73ea3606,"14/06/2026, 15:34:52",dual,2026-06-14T14:34:53.509Z,2026-06-14T14:36:14.963Z,gps_track,2026-06-14T14:35:13.999Z,,,54.59591086134631,-5.702533504023665,5
73ea3606,"14/06/2026, 15:34:52",dual,2026-06-14T14:34:53.509Z,2026-06-14T14:36:14.963Z,car,2026-06-14T14:35:21.873Z,with,both,54.59599708632293,-5.702553856852912,5
73ea3606,"14/06/2026, 15:34:52",dual,2026-06-14T14:34:53.509Z,2026-06-14T14:36:14.963Z,car,2026-06-14T14:35:27.980Z,against,both,54.59606999956437,-5.7025668668517495,5
73ea3606,"14/06/2026, 15:34:52",dual,2026-06-14T14:34:53.509Z,2026-06-14T14:36:14.963Z,car,2026-06-14T14:35:34.308Z,against,both,54.59613783179258,-5.702555074854239,5
73ea3606,"14/06/2026, 15:34:52",dual,2026-06-14T14:34:53.509Z,2026-06-14T14:36:14.963Z,gps_track,2026-06-14T14:35:34.999Z,,,54.596149442397746,-5.702555824917906,6
73ea3606,"14/06/2026, 15:34:52",dual,2026-06-14T14:34:53.509Z,2026-06-14T14:36:14.963Z,car,2026-06-14T14:35:43.979Z,with,both,54.59623652522556,-5.702568484200375,5
73ea3606,"14/06/2026, 15:34:52",dual,2026-06-14T14:34:53.509Z,2026-06-14T14:36:14.963Z,gps_track,2026-06-14T14:35:54.999Z,,,54.59637574912233,-5.702611064857736,5
73ea3606,"14/06/2026, 15:34:52",dual,2026-06-14T14:34:53.509Z,2026-06-14T14:36:14.963Z,car,2026-06-14T14:35:58.165Z,with,both,54.59641132788701,-5.702634128340482,5
73ea3606,"14/06/2026, 15:34:52",dual,2026-06-14T14:34:53.509Z,2026-06-14T14:36:14.963Z,car,2026-06-14T14:36:04.146Z,with,both,54.59648243787331,-5.702648140258755,5
73ea3606,"14/06/2026, 15:34:52",dual,2026-06-14T14:34:53.509Z,2026-06-14T14:36:14.963Z,car,2026-06-14T14:36:13.214Z,against,both,54.5965688694644,-5.702680566391519,5
69fcde8e,"14/06/2026, 15:36:57",dual,2026-06-14T14:36:58.582Z,2026-06-14T14:38:10.002Z,gps_track,2026-06-14T14:36:58.000Z,,,54.597085783806186,-5.702819984575605,5
69fcde8e,"14/06/2026, 15:36:57",dual,2026-06-14T14:36:58.582Z,2026-06-14T14:38:10.002Z,car,2026-06-14T14:37:03.133Z,with,both,54.5971333048517,-5.702833778735402,5
69fcde8e,"14/06/2026, 15:36:57",dual,2026-06-14T14:36:58.582Z,2026-06-14T14:38:10.002Z,car,2026-06-14T14:37:04.496Z,against,both,54.59714056576246,-5.702835102470866,5
69fcde8e,"14/06/2026, 15:36:57",dual,2026-06-14T14:36:58.582Z,2026-06-14T14:38:10.002Z,car,2026-06-14T14:37:08.134Z,with,both,54.597183056729264,-5.702846381205724,5
69fcde8e,"14/06/2026, 15:36:57",dual,2026-06-14T14:36:58.582Z,2026-06-14T14:38:10.002Z,gps_track,2026-06-14T14:37:18.999Z,,,54.59728605674573,-5.702882410215515,5
69fcde8e,"14/06/2026, 15:36:57",dual,2026-06-14T14:36:58.582Z,2026-06-14T14:38:10.002Z,car,2026-06-14T14:37:34.435Z,against,both,54.597427946037776,-5.702934875342821,4
69fcde8e,"14/06/2026, 15:36:57",dual,2026-06-14T14:36:58.582Z,2026-06-14T14:38:10.002Z,car,2026-06-14T14:37:36.497Z,against,both,54.59744368178742,-5.7029496340361705,4
69fcde8e,"14/06/2026, 15:36:57",dual,2026-06-14T14:36:58.582Z,2026-06-14T14:38:10.002Z,gps_track,2026-06-14T14:37:39.999Z,,,54.59747180414821,-5.702954954344607,4
69fcde8e,"14/06/2026, 15:36:57",dual,2026-06-14T14:36:58.582Z,2026-06-14T14:38:10.002Z,gps_track,2026-06-14T14:38:00.999Z,,,54.59764716377004,-5.7029849184614845,4
0aa54303,"14/06/2026, 15:39:08",dual,2026-06-14T14:39:10.489Z,2026-06-14T14:41:35.321Z,gps_track,2026-06-14T14:39:10.000Z,,,54.59806527238274,-5.703448714319222,8
0aa54303,"14/06/2026, 15:39:08",dual,2026-06-14T14:39:10.489Z,2026-06-14T14:41:35.321Z,car,2026-06-14T14:39:25.540Z,with,both,54.597991306124094,-5.703741540696802,9
0aa54303,"14/06/2026, 15:39:08",dual,2026-06-14T14:39:10.489Z,2026-06-14T14:41:35.321Z,gps_track,2026-06-14T14:39:30.999Z,,,54.59799602592379,-5.70388123566886,8
0aa54303,"14/06/2026, 15:39:08",dual,2026-06-14T14:39:10.489Z,2026-06-14T14:41:35.321Z,car,2026-06-14T14:39:44.572Z,with,both,54.59795676506831,-5.704100196567078,9
0aa54303,"14/06/2026, 15:39:08",dual,2026-06-14T14:39:10.489Z,2026-06-14T14:41:35.321Z,car,2026-06-14T14:39:45.921Z,against,both,54.597952866350475,-5.704115940597112,9
0aa54303,"14/06/2026, 15:39:08",dual,2026-06-14T14:39:10.489Z,2026-06-14T14:41:35.321Z,car,2026-06-14T14:39:48.371Z,against,both,54.59794600629959,-5.704169300239102,9
0aa54303,"14/06/2026, 15:39:08",dual,2026-06-14T14:39:10.489Z,2026-06-14T14:41:35.321Z,car,2026-06-14T14:39:50.603Z,with,both,54.59793641269363,-5.70421075809084,8
0aa54303,"14/06/2026, 15:39:08",dual,2026-06-14T14:39:10.489Z,2026-06-14T14:41:35.321Z,gps_track,2026-06-14T14:39:50.999Z,,,54.59793367627791,-5.704240431049145,9
0aa54303,"14/06/2026, 15:39:08",dual,2026-06-14T14:39:10.489Z,2026-06-14T14:41:35.321Z,car,2026-06-14T14:39:53.955Z,with,both,54.59792571057996,-5.704275722288637,8
0aa54303,"14/06/2026, 15:39:08",dual,2026-06-14T14:39:10.489Z,2026-06-14T14:41:35.321Z,car,2026-06-14T14:39:54.757Z,against,both,54.59792668756936,-5.704291963759371,9
0aa54303,"14/06/2026, 15:39:08",dual,2026-06-14T14:39:10.489Z,2026-06-14T14:41:35.321Z,car,2026-06-14T14:39:55.605Z,against,both,54.597930300162886,-5.704310219115225,9
0aa54303,"14/06/2026, 15:39:08",dual,2026-06-14T14:39:10.489Z,2026-06-14T14:41:35.321Z,car,2026-06-14T14:39:58.942Z,against,both,54.597916701336004,-5.704373393193995,8
0aa54303,"14/06/2026, 15:39:08",dual,2026-06-14T14:39:10.489Z,2026-06-14T14:41:35.321Z,car,2026-06-14T14:40:00.771Z,against,both,54.59789764030407,-5.704406721333408,8
0aa54303,"14/06/2026, 15:39:08",dual,2026-06-14T14:39:10.489Z,2026-06-14T14:41:35.321Z,car,2026-06-14T14:40:02.422Z,against,both,54.59788094270877,-5.704440727379154,9
0aa54303,"14/06/2026, 15:39:08",dual,2026-06-14T14:39:10.489Z,2026-06-14T14:41:35.321Z,car,2026-06-14T14:40:06.704Z,with,both,54.59786059313463,-5.704523763377383,8
0aa54303,"14/06/2026, 15:39:08",dual,2026-06-14T14:39:10.489Z,2026-06-14T14:41:35.321Z,car,2026-06-14T14:40:08.038Z,with,both,54.597847667930935,-5.7045644808777265,8
0aa54303,"14/06/2026, 15:39:08",dual,2026-06-14T14:39:10.489Z,2026-06-14T14:41:35.321Z,car,2026-06-14T14:40:10.793Z,with,both,54.59783081315045,-5.704605998835941,8
0aa54303,"14/06/2026, 15:39:08",dual,2026-06-14T14:39:10.489Z,2026-06-14T14:41:35.321Z,gps_track,2026-06-14T14:40:11.999Z,,,54.59782876772666,-5.704634614868064,8
0aa54303,"14/06/2026, 15:39:08",dual,2026-06-14T14:39:10.489Z,2026-06-14T14:41:35.321Z,car,2026-06-14T14:40:13.872Z,against,both,54.59783562751523,-5.704663499960082,8
0aa54303,"14/06/2026, 15:39:08",dual,2026-06-14T14:39:10.489Z,2026-06-14T14:41:35.321Z,gps_track,2026-06-14T14:40:31.999Z,,,54.5977923606436,-5.705007243089048,6
0aa54303,"14/06/2026, 15:39:08",dual,2026-06-14T14:39:10.489Z,2026-06-14T14:41:35.321Z,car,2026-06-14T14:40:34.056Z,against,both,54.59778282130446,-5.705050720471287,6
0aa54303,"14/06/2026, 15:39:08",dual,2026-06-14T14:39:10.489Z,2026-06-14T14:41:35.321Z,car,2026-06-14T14:40:37.174Z,against,both,54.5977847759389,-5.705081939245468,6
0aa54303,"14/06/2026, 15:39:08",dual,2026-06-14T14:39:10.489Z,2026-06-14T14:41:35.321Z,car,2026-06-14T14:40:39.008Z,with,both,54.59778591540171,-5.705092446895459,6
0aa54303,"14/06/2026, 15:39:08",dual,2026-06-14T14:39:10.489Z,2026-06-14T14:41:35.321Z,gps_track,2026-06-14T14:40:51.999Z,,,54.597682451891,-5.705450807936111,6
0aa54303,"14/06/2026, 15:39:08",dual,2026-06-14T14:39:10.489Z,2026-06-14T14:41:35.321Z,car,2026-06-14T14:41:00.764Z,against,both,54.597644009234436,-5.705606544568979,6
0aa54303,"14/06/2026, 15:39:08",dual,2026-06-14T14:39:10.489Z,2026-06-14T14:41:35.321Z,car,2026-06-14T14:41:10.408Z,against,both,54.597572379229575,-5.705803457986826,6
0aa54303,"14/06/2026, 15:39:08",dual,2026-06-14T14:39:10.489Z,2026-06-14T14:41:35.321Z,car,2026-06-14T14:41:11.809Z,against,both,54.597565698869914,-5.705835317636621,6
0aa54303,"14/06/2026, 15:39:08",dual,2026-06-14T14:39:10.489Z,2026-06-14T14:41:35.321Z,gps_track,2026-06-14T14:41:12.999Z,,,54.59755767899576,-5.705883844056522,7
0aa54303,"14/06/2026, 15:39:08",dual,2026-06-14T14:39:10.489Z,2026-06-14T14:41:35.321Z,car,2026-06-14T14:41:13.193Z,against,both,54.59755767899576,-5.705883844056522,7
0aa54303,"14/06/2026, 15:39:08",dual,2026-06-14T14:39:10.489Z,2026-06-14T14:41:35.321Z,car,2026-06-14T14:41:15.410Z,against,both,54.59754887696476,-5.705922073165426,6
0aa54303,"14/06/2026, 15:39:08",dual,2026-06-14T14:39:10.489Z,2026-06-14T14:41:35.321Z,car,2026-06-14T14:41:17.309Z,against,both,54.59753786088988,-5.705966370049521,6
0aa54303,"14/06/2026, 15:39:08",dual,2026-06-14T14:39:10.489Z,2026-06-14T14:41:35.321Z,car,2026-06-14T14:41:19.995Z,against,both,54.597524784681355,-5.706006980913369,6
0aa54303,"14/06/2026, 15:39:08",dual,2026-06-14T14:39:10.489Z,2026-06-14T14:41:35.321Z,car,2026-06-14T14:41:20.529Z,with,both,54.597520498277234,-5.7060224682771885,6
0aa54303,"14/06/2026, 15:39:08",dual,2026-06-14T14:39:10.489Z,2026-06-14T14:41:35.321Z,car,2026-06-14T14:41:22.363Z,with,both,54.5975080614327,-5.706059255641582,6
0aa54303,"14/06/2026, 15:39:08",dual,2026-06-14T14:39:10.489Z,2026-06-14T14:41:35.321Z,car,2026-06-14T14:41:24.294Z,with,both,54.59749267582304,-5.706097733341226,6
0aa54303,"14/06/2026, 15:39:08",dual,2026-06-14T14:39:10.489Z,2026-06-14T14:41:35.321Z,car,2026-06-14T14:41:25.093Z,against,both,54.59748435812051,-5.7061087127952,6
0aa54303,"14/06/2026, 15:39:08",dual,2026-06-14T14:39:10.489Z,2026-06-14T14:41:35.321Z,car,2026-06-14T14:41:25.978Z,against,both,54.59748435812051,-5.7061087127952,6
0aa54303,"14/06/2026, 15:39:08",dual,2026-06-14T14:39:10.489Z,2026-06-14T14:41:35.321Z,car,2026-06-14T14:41:27.460Z,with,both,54.59748004672126,-5.706129114883745,7
0aa54303,"14/06/2026, 15:39:08",dual,2026-06-14T14:39:10.489Z,2026-06-14T14:41:35.321Z,car,2026-06-14T14:41:28.227Z,against,both,54.59747209970622,-5.706150825755689,6
0aa54303,"14/06/2026, 15:39:08",dual,2026-06-14T14:39:10.489Z,2026-06-14T14:41:35.321Z,car,2026-06-14T14:41:31.460Z,against,both,54.597448834105876,-5.70617464612187,7
0aa54303,"14/06/2026, 15:39:08",dual,2026-06-14T14:39:10.489Z,2026-06-14T14:41:35.321Z,car,2026-06-14T14:41:33.095Z,against,both,54.59743561412397,-5.706200612460298,7
0aa54303,"14/06/2026, 15:39:08",dual,2026-06-14T14:39:10.489Z,2026-06-14T14:41:35.321Z,gps_track,2026-06-14T14:41:33.999Z,,,54.59744163584224,-5.706216089936481,7
ee3e6972,"14/06/2026, 15:42:26",dual,2026-06-14T14:42:28.814Z,2026-06-14T14:44:39.776Z,gps_track,2026-06-14T14:42:27.999Z,,,54.59714508613637,-5.707004775054581,6
ee3e6972,"14/06/2026, 15:42:26",dual,2026-06-14T14:42:28.814Z,2026-06-14T14:44:39.776Z,car,2026-06-14T14:42:31.201Z,with,both,54.597122427518926,-5.707044342622468,7
ee3e6972,"14/06/2026, 15:42:26",dual,2026-06-14T14:42:28.814Z,2026-06-14T14:44:39.776Z,car,2026-06-14T14:42:36.685Z,with,both,54.59708758720516,-5.707119653819054,7
ee3e6972,"14/06/2026, 15:42:26",dual,2026-06-14T14:42:28.814Z,2026-06-14T14:44:39.776Z,gps_track,2026-06-14T14:42:48.999Z,,,54.59698115315176,-5.707351570157001,8
ee3e6972,"14/06/2026, 15:42:26",dual,2026-06-14T14:42:28.814Z,2026-06-14T14:44:39.776Z,car,2026-06-14T14:42:50.452Z,against,both,54.59698083566318,-5.707378567615055,7
ee3e6972,"14/06/2026, 15:42:26",dual,2026-06-14T14:42:28.814Z,2026-06-14T14:44:39.776Z,car,2026-06-14T14:42:56.014Z,against,both,54.59694807698426,-5.707461391135081,7
ee3e6972,"14/06/2026, 15:42:26",dual,2026-06-14T14:42:28.814Z,2026-06-14T14:44:39.776Z,car,2026-06-14T14:42:58.198Z,against,both,54.596935252656074,-5.707521101267006,7
ee3e6972,"14/06/2026, 15:42:26",dual,2026-06-14T14:42:28.814Z,2026-06-14T14:44:39.776Z,car,2026-06-14T14:43:01.352Z,against,both,54.59691857081701,-5.707575886595771,7
ee3e6972,"14/06/2026, 15:42:26",dual,2026-06-14T14:42:28.814Z,2026-06-14T14:44:39.776Z,car,2026-06-14T14:43:05.449Z,with,both,54.59687418978307,-5.707627129895018,7
ee3e6972,"14/06/2026, 15:42:26",dual,2026-06-14T14:42:28.814Z,2026-06-14T14:44:39.776Z,car,2026-06-14T14:43:05.969Z,against,both,54.59687418978307,-5.707627129895018,7
ee3e6972,"14/06/2026, 15:42:26",dual,2026-06-14T14:42:28.814Z,2026-06-14T14:44:39.776Z,car,2026-06-14T14:43:07.915Z,against,both,54.596866006221155,-5.707669996895692,7
ee3e6972,"14/06/2026, 15:42:26",dual,2026-06-14T14:42:28.814Z,2026-06-14T14:44:39.776Z,car,2026-06-14T14:43:08.820Z,with,both,54.59685887211379,-5.707681003925276,7
ee3e6972,"14/06/2026, 15:42:26",dual,2026-06-14T14:42:28.814Z,2026-06-14T14:44:39.776Z,gps_track,2026-06-14T14:43:08.999Z,,,54.59685243780931,-5.707693692177651,7
ee3e6972,"14/06/2026, 15:42:26",dual,2026-06-14T14:42:28.814Z,2026-06-14T14:44:39.776Z,car,2026-06-14T14:43:11.236Z,with,both,54.59683435299956,-5.7077151060518325,7
ee3e6972,"14/06/2026, 15:42:26",dual,2026-06-14T14:42:28.814Z,2026-06-14T14:44:39.776Z,car,2026-06-14T14:43:11.700Z,against,both,54.59683435299956,-5.7077151060518325,7
ee3e6972,"14/06/2026, 15:42:26",dual,2026-06-14T14:42:28.814Z,2026-06-14T14:44:39.776Z,car,2026-06-14T14:43:15.015Z,against,both,54.59680482618439,-5.707746608144403,6
ee3e6972,"14/06/2026, 15:42:26",dual,2026-06-14T14:42:28.814Z,2026-06-14T14:44:39.776Z,car,2026-06-14T14:43:17.667Z,against,both,54.59678303186432,-5.707803337654971,6
ee3e6972,"14/06/2026, 15:42:26",dual,2026-06-14T14:42:28.814Z,2026-06-14T14:44:39.776Z,car,2026-06-14T14:43:18.417Z,against,both,54.59677515457361,-5.707822109853697,6
ee3e6972,"14/06/2026, 15:42:26",dual,2026-06-14T14:42:28.814Z,2026-06-14T14:44:39.776Z,car,2026-06-14T14:43:19.082Z,with,both,54.59676744620367,-5.707830598794496,6
ee3e6972,"14/06/2026, 15:42:26",dual,2026-06-14T14:42:28.814Z,2026-06-14T14:44:39.776Z,car,2026-06-14T14:43:20.716Z,against,both,54.596762233495724,-5.707849756293957,6
ee3e6972,"14/06/2026, 15:42:26",dual,2026-06-14T14:42:28.814Z,2026-06-14T14:44:39.776Z,car,2026-06-14T14:43:22.951Z,against,both,54.59674494426728,-5.707875332151972,6
ee3e6972,"14/06/2026, 15:42:26",dual,2026-06-14T14:42:28.814Z,2026-06-14T14:44:39.776Z,car,2026-06-14T14:43:24.200Z,against,both,54.59673710297877,-5.7079258079563555,6
ee3e6972,"14/06/2026, 15:42:26",dual,2026-06-14T14:42:28.814Z,2026-06-14T14:44:39.776Z,car,2026-06-14T14:43:24.754Z,with,both,54.59673710297877,-5.7079258079563555,6
ee3e6972,"14/06/2026, 15:42:26",dual,2026-06-14T14:42:28.814Z,2026-06-14T14:44:39.776Z,car,2026-06-14T14:43:25.851Z,against,both,54.596727883631786,-5.707938692521659,6
ee3e6972,"14/06/2026, 15:42:26",dual,2026-06-14T14:42:28.814Z,2026-06-14T14:44:39.776Z,car,2026-06-14T14:43:27.250Z,against,both,54.59670620792946,-5.707956134837422,7
ee3e6972,"14/06/2026, 15:42:26",dual,2026-06-14T14:42:28.814Z,2026-06-14T14:44:39.776Z,car,2026-06-14T14:43:29.050Z,against,both,54.59669018810367,-5.707982500744305,7
ee3e6972,"14/06/2026, 15:42:26",dual,2026-06-14T14:42:28.814Z,2026-06-14T14:44:39.776Z,gps_track,2026-06-14T14:43:29.999Z,,,54.596683714377605,-5.708000340803556,7
ee3e6972,"14/06/2026, 15:42:26",dual,2026-06-14T14:42:28.814Z,2026-06-14T14:44:39.776Z,car,2026-06-14T14:43:34.237Z,with,both,54.596645312472376,-5.708043486664723,7
ee3e6972,"14/06/2026, 15:42:26",dual,2026-06-14T14:42:28.814Z,2026-06-14T14:44:39.776Z,gps_track,2026-06-14T14:43:49.999Z,,,54.596496930399034,-5.708206997115847,8
ee3e6972,"14/06/2026, 15:42:26",dual,2026-06-14T14:42:28.814Z,2026-06-14T14:44:39.776Z,car,2026-06-14T14:43:52.855Z,against,both,54.59648081974004,-5.7082444660455565,8
ee3e6972,"14/06/2026, 15:42:26",dual,2026-06-14T14:42:28.814Z,2026-06-14T14:44:39.776Z,car,2026-06-14T14:44:00.671Z,with,both,54.59641402495796,-5.708353601665561,9
ee3e6972,"14/06/2026, 15:42:26",dual,2026-06-14T14:42:28.814Z,2026-06-14T14:44:39.776Z,car,2026-06-14T14:44:09.603Z,against,both,54.59633811809019,-5.7084920597760975,8
ee3e6972,"14/06/2026, 15:42:26",dual,2026-06-14T14:42:28.814Z,2026-06-14T14:44:39.776Z,gps_track,2026-06-14T14:44:09.999Z,,,54.596332837332284,-5.708512968785223,8
ee3e6972,"14/06/2026, 15:42:26",dual,2026-06-14T14:42:28.814Z,2026-06-14T14:44:39.776Z,car,2026-06-14T14:44:10.856Z,with,both,54.596332837332284,-5.708512968785223,8
ee3e6972,"14/06/2026, 15:42:26",dual,2026-06-14T14:42:28.814Z,2026-06-14T14:44:39.776Z,car,2026-06-14T14:44:17.352Z,against,both,54.59628434963113,-5.708618725840954,9
ee3e6972,"14/06/2026, 15:42:26",dual,2026-06-14T14:42:28.814Z,2026-06-14T14:44:39.776Z,car,2026-06-14T14:44:18.020Z,against,both,54.59628434963113,-5.708618725840954,9
ee3e6972,"14/06/2026, 15:42:26",dual,2026-06-14T14:42:28.814Z,2026-06-14T14:44:39.776Z,car,2026-06-14T14:44:19.070Z,against,both,54.59627505707711,-5.708654356636958,9
ee3e6972,"14/06/2026, 15:42:26",dual,2026-06-14T14:42:28.814Z,2026-06-14T14:44:39.776Z,car,2026-06-14T14:44:19.719Z,against,both,54.59627505707711,-5.708654356636958,9
ee3e6972,"14/06/2026, 15:42:26",dual,2026-06-14T14:42:28.814Z,2026-06-14T14:44:39.776Z,car,2026-06-14T14:44:21.720Z,against,both,54.59625550772109,-5.708677987696119,9
ee3e6972,"14/06/2026, 15:42:26",dual,2026-06-14T14:42:28.814Z,2026-06-14T14:44:39.776Z,car,2026-06-14T14:44:23.973Z,against,both,54.5962458260073,-5.708704891769289,9
ee3e6972,"14/06/2026, 15:42:26",dual,2026-06-14T14:42:28.814Z,2026-06-14T14:44:39.776Z,car,2026-06-14T14:44:29.704Z,against,both,54.59617802972982,-5.708780188882694,9
ee3e6972,"14/06/2026, 15:42:26",dual,2026-06-14T14:42:28.814Z,2026-06-14T14:44:39.776Z,gps_track,2026-06-14T14:44:29.999Z,,,54.59617493864254,-5.708801069721827,9
ee3e6972,"14/06/2026, 15:42:26",dual,2026-06-14T14:42:28.814Z,2026-06-14T14:44:39.776Z,car,2026-06-14T14:44:31.804Z,against,both,54.59616652035782,-5.70881671463535,8
ee3e6972,"14/06/2026, 15:42:26",dual,2026-06-14T14:42:28.814Z,2026-06-14T14:44:39.776Z,car,2026-06-14T14:44:33.853Z,against,both,54.5961536805508,-5.708850358655757,8
ee3e6972,"14/06/2026, 15:42:26",dual,2026-06-14T14:42:28.814Z,2026-06-14T14:44:39.776Z,car,2026-06-14T14:44:35.371Z,against,both,54.59614416293402,-5.708899154062063,8
ee3e6972,"14/06/2026, 15:42:26",dual,2026-06-14T14:42:28.814Z,2026-06-14T14:44:39.776Z,car,2026-06-14T14:44:37.304Z,against,both,54.5961314139844,-5.708923739244737,8
b09a7f4d,"14/06/2026, 15:45:37",dual,2026-06-14T14:45:42.627Z,2026-06-14T14:47:10.935Z,gps_track,2026-06-14T14:45:41.999Z,,,54.59593088710841,-5.709386970510138,9
b09a7f4d,"14/06/2026, 15:45:37",dual,2026-06-14T14:45:42.627Z,2026-06-14T14:47:10.935Z,car,2026-06-14T14:45:50.111Z,against,both,54.596010167567385,-5.709546612395723,7
b09a7f4d,"14/06/2026, 15:45:37",dual,2026-06-14T14:45:42.627Z,2026-06-14T14:47:10.935Z,car,2026-06-14T14:45:59.124Z,against,both,54.5960959184461,-5.709731698807508,7
b09a7f4d,"14/06/2026, 15:45:37",dual,2026-06-14T14:45:42.627Z,2026-06-14T14:47:10.935Z,car,2026-06-14T14:46:02.512Z,against,both,54.59612601715744,-5.709782085364316,7
b09a7f4d,"14/06/2026, 15:45:37",dual,2026-06-14T14:45:42.627Z,2026-06-14T14:47:10.935Z,gps_track,2026-06-14T14:46:02.999Z,,,54.59613690171176,-5.709795397063863,7
b09a7f4d,"14/06/2026, 15:45:37",dual,2026-06-14T14:45:42.627Z,2026-06-14T14:47:10.935Z,car,2026-06-14T14:46:08.578Z,against,both,54.59619269114331,-5.7098545482779155,7
b09a7f4d,"14/06/2026, 15:45:37",dual,2026-06-14T14:45:42.627Z,2026-06-14T14:47:10.935Z,car,2026-06-14T14:46:12.342Z,against,both,54.59623620903817,-5.709889408191126,7
b09a7f4d,"14/06/2026, 15:45:37",dual,2026-06-14T14:45:42.627Z,2026-06-14T14:47:10.935Z,car,2026-06-14T14:46:12.992Z,against,both,54.59623620903817,-5.709889408191126,7
b09a7f4d,"14/06/2026, 15:45:37",dual,2026-06-14T14:45:42.627Z,2026-06-14T14:47:10.935Z,car,2026-06-14T14:46:14.831Z,with,both,54.59624870580489,-5.709909347670211,7
b09a7f4d,"14/06/2026, 15:45:37",dual,2026-06-14T14:45:42.627Z,2026-06-14T14:47:10.935Z,car,2026-06-14T14:46:21.146Z,against,both,54.59629792514361,-5.7100126444559764,8
b09a7f4d,"14/06/2026, 15:45:37",dual,2026-06-14T14:45:42.627Z,2026-06-14T14:47:10.935Z,gps_track,2026-06-14T14:46:23.999Z,,,54.59632685191182,-5.710055050299066,8
b09a7f4d,"14/06/2026, 15:45:37",dual,2026-06-14T14:45:42.627Z,2026-06-14T14:47:10.935Z,car,2026-06-14T14:46:25.842Z,with,both,54.596331489217775,-5.710073612304303,8
b09a7f4d,"14/06/2026, 15:45:37",dual,2026-06-14T14:45:42.627Z,2026-06-14T14:47:10.935Z,car,2026-06-14T14:46:37.481Z,with,both,54.59640010024224,-5.710238537438464,8
b09a7f4d,"14/06/2026, 15:45:37",dual,2026-06-14T14:45:42.627Z,2026-06-14T14:47:10.935Z,car,2026-06-14T14:46:41.264Z,against,both,54.59643248466592,-5.710297501616274,8
b09a7f4d,"14/06/2026, 15:45:37",dual,2026-06-14T14:45:42.627Z,2026-06-14T14:47:10.935Z,car,2026-06-14T14:46:42.465Z,with,both,54.59643853632962,-5.7103159960452246,8
b09a7f4d,"14/06/2026, 15:45:37",dual,2026-06-14T14:45:42.627Z,2026-06-14T14:47:10.935Z,gps_track,2026-06-14T14:46:43.999Z,,,54.596448791472866,-5.710337026394696,8
b09a7f4d,"14/06/2026, 15:45:37",dual,2026-06-14T14:45:42.627Z,2026-06-14T14:47:10.935Z,car,2026-06-14T14:46:52.165Z,against,both,54.596518477204,-5.710438840542792,7
b09a7f4d,"14/06/2026, 15:45:37",dual,2026-06-14T14:45:42.627Z,2026-06-14T14:47:10.935Z,car,2026-06-14T14:46:53.631Z,against,both,54.596531196711226,-5.710454750227308,7
b09a7f4d,"14/06/2026, 15:45:37",dual,2026-06-14T14:45:42.627Z,2026-06-14T14:47:10.935Z,car,2026-06-14T14:46:54.128Z,with,both,54.59653627802623,-5.710471009987793,7
b09a7f4d,"14/06/2026, 15:45:37",dual,2026-06-14T14:45:42.627Z,2026-06-14T14:47:10.935Z,car,2026-06-14T14:46:58.883Z,with,both,54.5965712423993,-5.7105362670354145,7
b09a7f4d,"14/06/2026, 15:45:37",dual,2026-06-14T14:45:42.627Z,2026-06-14T14:47:10.935Z,gps_track,2026-06-14T14:47:03.999Z,,,54.59660941307373,-5.710654163274219,6